status,email,billing_name,address,card_number,card_expiration,cvv,zipcode
pending,peter@gmail.com,Peter Rabbit,1290 Long Ave S 74839,18593029849023047,03/17,345,74839
pending,sunnytimes123@yahoo.com,Bob Belcher Sr.,47382 Main St. 38294,08385292893848,05/18,8674,38294
pending,sh3kfl4@hotmail.com,Louise Belcher,12093 Universtity Ave NE 45098,947530480927850,12/20,7584,45098
paid,achoo@gmail.com,Dr. Hannah Miracle,83747 Granny Smiths Apple rd 75643,3453497853209435,07/19,3748,75643
paid,catslover@hotmail.com,Tim Smith JD,364 Rogue sq 29384,485309257235792303,04/17,347,29384
paid,29xestm23@gmail.com,Helena Anna Smith,124 Small Village 29384,3495823495729304509,08/19,095,29384
complete,rabbit@gmail.com,Kitty Pride PhD,10984 Washington Avenue 20938,2384732095743538,01/19,857,20938
complete,123hoola@hotmail.com,Harry Potter,4394 Sugar sq 28933,34587209354730,02/20,374,28933
cancelled,sunnyside3@yahoo.com,Rajesh Koothrappali,3948 Fir street SE 38475,358723904572304957,07/19,954,38475
cancelled,jenny.smith@gmail.com,Jenny Smith,54300 Long road south 32364,0973409758243098734,04/21,3827,32364
